<?xml version="1.0" encoding="UTF-8"?>

<component name="category_screen" extends="Group">
  <script type="text/brightscript" uri="category_screen.brs" />
  <interface>
    <field id="category_selected"
            type="assocarray"
            alias="category_list.itemSelected"
        />
    <function name="updateConfig" />
  </interface>
  <children>
    <!-- color="0x000000" -->
    <Rectangle
        width = "1920"
        height = "1080"
        color = "0xff00ff"
        >
    <Label
      translation="[75, 150]"
        id="env"
        font="font:LargeBoldSystemFont"
        text="PICK A CATEGORY:"
    />
    <RadioButtonList
      id="category_list"
      translation="[100, 200]"
      itemSize="[400,48]"
    >
    <!-- <ContentNode id = "categories" role = "content" >
        <category_node title = "DRAMA" feed_url="http://192.168.66.22/roku/drama.json"/>
        <category_node title = "COMEDY" feed_url="http://192.168.66.22/roku/comedy.json"/>
        <category_node title = "HORROR" feed_url="http://192.168.66.22roku/horror.json"/>
      </ContentNode> -->
    </RadioButtonList>
    </Rectangle>        
  </children>
</component>
